curation_keyword,rank,related_keyword,keyword_count
rag,1,generation,45
rag,2,retrieval,37
rag,3,retrieval-augmented,33
rag,4,evidence,29
rag,5,retrieval-augmented generation,28
rag,6,memory,14
rag,7,quality,14
rag,8,agentic,13
rag,9,knowledge,13
rag,10,deterministic,12
rag,11,queries,12
rag,12,answer,12
rag,13,stale,12
rag,14,clinical,11
rag,15,context,11
rag,16,governance,11
rag,17,reasoning,11
rag,18,enterprise,11
rag,19,intelligence,11
rag,20,human,10
agent,1,reasoning,64
agent,2,tool,49
agent,3,information,44
agent,4,optimization,38
agent,5,policy,38
agent,6,reinforcement,34
agent,7,control,34
agent,8,existing,32
agent,9,code,31
agent,10,memory,31
agent,11,tools,31
agent,12,action,30
agent,13,use,29
agent,14,human,28
agent,15,generation,27
agent,16,decision,26
agent,17,design,26
agent,18,interaction,26
agent,19,execution,26
agent,20,autonomous,25
reasoning,1,agents,69
reasoning,2,generation,62
reasoning,3,visual,51
reasoning,4,agent,44
reasoning,5,multimodal,42
reasoning,6,understanding,40
reasoning,7,agentic,40
reasoning,8,optimization,40
reasoning,9,existing,39
reasoning,10,reinforcement,39
reasoning,11,context,37
reasoning,12,inference,37
reasoning,13,information,35
reasoning,14,accuracy,35
reasoning,15,tool,34
reasoning,16,evidence,34
reasoning,17,structured,34
reasoning,18,reward,34
reasoning,19,thinking,31
reasoning,20,process,31
alignment,1,safety,29
alignment,2,reasoning,27
alignment,3,reward,27
alignment,4,human,23
alignment,5,existing,22
alignment,6,generation,18
alignment,7,token,18
alignment,8,process,18
alignment,9,optimization,18
alignment,10,preference,18
alignment,11,design,17
alignment,12,knowledge,17
alignment,13,gap,17
alignment,14,tokens,16
alignment,15,consistency,15
alignment,16,structural,15
alignment,17,rewards,14
alignment,18,causal,14
alignment,19,deployment,14
alignment,20,information,14
safety,1,reasoning,46
safety,2,generation,39
safety,3,hallucination,29
safety,4,agents,27
safety,5,alignment,26
safety,6,failure,24
safety,7,deployment,23
safety,8,inference,22
safety,9,hallucinations,22
safety,10,structured,21
safety,11,retrieval,20
safety,12,human,20
safety,13,detection,20
safety,14,code,19
safety,15,quality,19
safety,16,knowledge,18
safety,17,reliability,18
safety,18,visual,18
safety,19,existing,18
safety,20,errors,17
quantization,1,attention,19
quantization,2,generation,14
quantization,3,inference,14
quantization,4,compression,10
quantization,5,memory,10
quantization,6,linear,10
quantization,7,communication,9
quantization,8,pretraining,9
quantization,9,audio,9
quantization,10,accuracy,9
quantization,11,layers,9
quantization,12,bit,9
quantization,13,transformer,8
quantization,14,code,8
quantization,15,cache,7
quantization,16,tokens,7
quantization,17,low-precision,7
quantization,18,mmlu,6
quantization,19,diffusion,6
quantization,20,mobile,6
lora,1,adaptation,19
lora,2,low-rank,17
lora,3,compression,15
lora,4,memory,14
lora,5,frozen,12
lora,6,fine-tuning,12
lora,7,search,11
lora,8,tokens,11
lora,9,pretraining,11
lora,10,error,10
lora,11,accuracy,10
lora,12,communication,9
lora,13,lightweight,9
lora,14,inference,9
lora,15,spatial,8
lora,16,visual,8
lora,17,context,8
lora,18,offline,8
lora,19,layers,8
lora,20,local,8
multimodal,1,visual,115
multimodal,2,reasoning,85
multimodal,3,vision-language,68
multimodal,4,image,58
multimodal,5,vlms,54
multimodal,6,generation,46
multimodal,7,spatial,44
multimodal,8,understanding,40
multimodal,9,information,39
multimodal,10,tokens,38
multimodal,11,existing,37
multimodal,12,images,33
multimodal,13,knowledge,32
multimodal,14,token,31
multimodal,15,text,31
multimodal,16,vision,30
multimodal,17,unified,29
multimodal,18,semantic,29
multimodal,19,code,27
multimodal,20,remains,27
benchmark,1,reasoning,168
benchmark,2,generation,112
benchmark,3,agents,110
benchmark,4,accuracy,90
benchmark,5,existing,90
benchmark,6,information,84
benchmark,7,visual,81
benchmark,8,evaluate,81
benchmark,9,code,78
benchmark,10,optimization,73
benchmark,11,quality,71
benchmark,12,multimodal,71
benchmark,13,agent,68
benchmark,14,agentic,66
benchmark,15,knowledge,66
benchmark,16,image,66
benchmark,17,policy,66
benchmark,18,alignment,64
benchmark,19,detection,62
benchmark,20,inference,61
hallucination,1,reasoning,28
hallucination,2,generation,25
hallucination,3,retrieval,17
hallucination,4,structured,13
hallucination,5,visual,13
hallucination,6,retrieval-augmented,12
hallucination,7,inference,12
hallucination,8,answering,11
hallucination,9,quality,11
hallucination,10,rag,11
hallucination,11,grounding,11
hallucination,12,retrieval-augmented generation,11
hallucination,13,context,11
hallucination,14,detection,11
hallucination,15,agentic,10
hallucination,16,tokens,10
hallucination,17,intelligence,10
hallucination,18,thinking,10
hallucination,19,question,9
hallucination,20,evidence,9
