source,target,edge_weight
agent,agents,49
existing,generation,41
available,code,41
generation,inference,38
existing,single,37
token,tokens,35
generation,reasoning,35
existing,reasoning,34
generation,quality,34
generation,retrieval,33
context,reasoning,33
baselines,existing,32
generation,single,31
accuracy,existing,31
address,existing,31
attention,transformer,30
multimodal,visual,30
accuracy,reasoning,30
image,visual,29
generation,remains,28
image,text,28
context,generation,28
accuracy,generation,27
inference,reasoning,27
code,generation,27
code,existing,26
existing,information,26
agentic,agents,26
policy,reinforcement,26
knowledge,reasoning,25
design,generation,25
accuracy,single,25
existing,inference,25
agent,agentic,25
existing,gap,25
evaluate,existing,25
generation,knowledge,25
reasoning,single,25
image,vision-language,25
evaluate,reasoning,24
generation,structured,24
existing,knowledge,24
reasoning,reinforcement,24
existing,strong,24
generation,text,24
accuracy,context,24
single,text,24
vision-language,visual,23
text,visual,23
existing,real-world,23
information,reasoning,23
multimodal,reasoning,23
context,existing,23
image,multimodal,23
context,inference,23
code,single,22
address,information,22
agents,existing,22
optimization,policy,22
semantic,visual,22
agent,information,22
agent,tool,22
agent,existing,22
existing,optimization,22
reasoning,understanding,22
agent,reasoning,22
reasoning,structured,22
context,evaluate,22
existing,remains,22
attention,token,22
context,use,22
accuracy,trained,22
accuracy,token,22
context,prior,22
existing,trained,21
inference,single,21
generation,human,21
architecture,transformer,21
agents,information,21
generation,pipeline,21
existing,multimodal,21
generation,semantic,21
agents,tool,21
gap,reasoning,21
reasoning,use,21
policy,reasoning,21
multimodal,vision-language,21
agent,single,21
existing,human,21
agents,reasoning,21
evidence,generation,21
existing,visual,21
existing,image,21
single,token,21
gap,generation,21
human,quality,21
accuracy,attention,21
generation,strong,21
accuracy,transformer,21
baselines,reasoning,20
inference,token,20
text,vision-language,20
baseline,single,20
reasoning,strong,20
gap,single,20
baselines,remains,20
classification,transformer,20
generation,image,20
existing,retrieval,20
reasoning,tool,20
available,existing,20
image,single,20
quality,single,20
generation,use,20
single,transformer,20
information,knowledge,20
multimodal,understanding,20
process,reasoning,20
evidence,reasoning,20
accuracy,inference,20
knowledge,retrieval,20
information,process,19
image,remains,19
single,structure,19
reasoning,remains,19
remains,text,19
reinforcement,reward,19
code,human,19
attention,context,19
existing,use,19
context,trained,19
efficient,transformer,19
agent,code,19
evidence,retrieval,19
existing,tokens,19
baseline,existing,19
agent,use,19
context,retrieval,19
code,remains,19
optimization,reinforcement,19
reasoning,visual,19
existing,semantic,19
agents,use,19
inference,knowledge,19
existing,text,19
accuracy,tokens,19
information,strong,19
multimodal,text,19
architecture,generation,18
existing,selection,18
context,single,18
context,token,18
baselines,optimization,18
gap,human,18
generation,process,18
existing,transformer,18
remains,vision-language,18
agents,single,18
knowledge,single,18
accuracy,text,18
evaluate,generation,18
cost,inference,18
context,evidence,18
generation,support,18
existing,mechanism,18
baseline,generation,18
existing,vision-language,18
baselines,context,18
context,text,18
generation,visual,18
existing,pipeline,18
single,visual,18
baselines,transformer,18
existing,understanding,18
efficient,inference,18
existing,process,18
trained,transformer,18
context,remains,18
knowledge,multimodal,18
agent,reinforcement,18
human,reasoning,18
remains,single,18
tool,use,18
inference,tokens,18
accuracy,baseline,18
baselines,generation,18
accuracy,code,18
agent,generation,18
existing,token,18
address,baselines,17
address,reasoning,17
address,single,17
agent,context,17
behavior,context,17
evidence,existing,17
accuracy,visual,17
generation,multimodal,17
knowledge,semantic,17
accuracy,classification,17
context,tokens,17
multimodal,single,17
inference,quality,17
address,reinforcement,17
knowledge,remains,17
inference,remains,17
agent,search,17
generation,token,17
generation,policy,17
attention,information,17
address,code,17
accuracy,architecture,17
information,text,17
context,information,17
code,evaluate,17
inference,information,17
evaluate,knowledge,17
baselines,information,17
representations,transformer,17
alignment,existing,17
context,multimodal,17
code,reasoning,17
efficient,existing,17
existing,quality,17
agentic,reasoning,17
baselines,single,17
structure,transformer,17
attention,tokens,17
existing,tool,17
accuracy,knowledge,17
existing,prompt,17
accuracy,vision-language,17
context,visual,17
reasoning,text,16
information,visual,16
evidence,single,16
quality,text,16
baseline,inference,16
cost,existing,16
inference,memory,16
single,trained,16
code,gap,16
baselines,knowledge,16
accuracy,standard,16
design,reasoning,16
policy,reward,16
pipeline,reasoning,16
knowledge,strong,16
policy,token,16
cost,generation,16
generation,real-world,16
baselines,evidence,16
generation,tokens,16
accuracy,cost,16
available,generation,16
efficient,optimization,16
baselines,standard,16
agents,code,16
information,remains,16
single,standard,16
design,existing,16
baselines,efficient,16
accuracy,failure,16
behavior,existing,16
existing,reinforcement,16
agents,reinforcement,16
address,generation,16
code,inference,16
baselines,reinforcement,16
diffusion,generation,16
accuracy,error,16
attention,existing,16
quality,remains,16
agentic,tool,16
single,tokens,16
knowledge,text,16
information,single,16
inference,process,16
understanding,visual,15
semantic,understanding,15
gap,pipeline,15
accuracy,information,15
accuracy,design,15
gap,information,15
context,knowledge,15
accuracy,image,15
code,information,15
code,text,15
code,multimodal,15
evaluate,use,15
baselines,structured,15
inference,transformer,15
existing,prior,15
accuracy,representations,15
baselines,strong,15
evaluate,information,15
accuracy,multimodal,15
efficient,tokens,15
agents,knowledge,15
agents,generation,15
reasoning,vision-language,15
efficient,image,15
process,quality,15
quality,retrieval,15
evaluate,human,15
efficient,generation,15
generation,reinforcement,15
gap,quality,15
prior,quality,15
reasoning,settings,15
accuracy,remains,15
accuracy,retrieval,15
accuracy,findings,15
agent,quality,15
behavior,single,15
accuracy,available,15
attention,mechanism,15
code,context,15
inference,optimization,15
evaluate,remains,15
generation,information,15
agents,failure,15
features,transformer,15
gap,real-world,15
information,reinforcement,15
agentic,generation,15
available,text,15
knowledge,use,15
agent,gap,15
information,representations,15
architecture,inference,15
address,available,15
image,trained,15
control,policy,15
information,multimodal,15
accuracy,evaluate,15
cost,efficient,15
code,quality,15
optimization,reasoning,15
accuracy,structured,15
human,text,14
multimodal,spatial,14
generation,prior,14
prior,single,14
semantic,text,14
reasoning,semantic,14
agents,behavior,14
generation,prompt,14
remains,trained,14
evidence,inference,14
control,generation,14
context,human,14
available,information,14
accuracy,quality,14
text,trained,14
accuracy,use,14
single,use,14
accuracy,baselines,14
evaluate,retrieval,14
reasoning,reward,14
baseline,trained,14
code,findings,14
available,evaluate,14
findings,generation,14
efficient,trained,14
existing,representations,14
design,remains,14
code,trained,14
context,support,14
existing,structured,14
context,memory,14
inference,semantic,14
strong,visual,14
address,knowledge,14
agents,search,14
inference,trained,14
baselines,evaluate,14
classification,detection,14
code,image,14
existing,target,14
classification,trained,14
accuracy,detection,14
text,token,14
efficient,token,14
code,modeling,14
process,reinforcement,14
agents,process,14
optimization,process,14
agent,human,14
remains,structured,14
knowledge,structured,14
agent,failure,14
design,structured,14
cost,quality,14
strong,use,14
agents,context,14
alignment,human,14
strong,text,14
failure,generation,14
multimodal,strong,14
baselines,inference,14
token,transformer,14
pipeline,text,14
context,understanding,14
evaluate,text,14
knowledge,understanding,14
context,structured,14
code,prior,14
image,information,14
agentic,use,14
single,vision-language,14
address,visual,14
context,tool,14
agent,evaluate,14
image,transformer,14
accuracy,gap,13
code,vision-language,13
context,transformer,13
available,vision-language,13
available,human,13
baselines,code,13
address,real-world,13
multimodal,remains,13
existing,spatial,13
standard,transformer,13
tokens,transformer,13
existing,memory,13
existing,fine-tuning,13
generation,structural,13
knowledge,transformer,13
existing,settings,13
cost,token,13
generation,vision-language,13
image,representations,13
image,semantic,13
agent,process,13
address,context,13
quality,transformer,13
modeling,single,13
context,efficient,13
code,reinforcement,13
mechanism,remains,13
architecture,design,13
spatial,vision-language,13
address,image,13
error,existing,13
fine-tuning,reinforcement,13
behavior,reasoning,13
failure,reasoning,13
context,findings,13
context,semantic,13
prompt,single,13
policy,single,13
classification,findings,13
baseline,reasoning,13
text,tokens,13
available,retrieval,13
context,policy,13
code,transformer,13
address,transformer,13
attention,standard,13
image,quality,13
information,quality,13
fine-tuning,generation,13
baseline,cost,13
image,prior,13
inference,selection,13
gap,text,13
gap,multimodal,13
agents,quality,13
address,multimodal,13
agent,pipeline,13
single,strong,13
address,inference,13
remains,settings,13
evaluate,gap,13
cost,knowledge,13
reasoning,token,13
multimodal,semantic,13
inference,structured,13
agent,cost,13
agents,human,13
generation,safety,13
pipeline,semantic,13
existing,policy,13
agentic,policy,13
agentic,existing,13
available,remains,13
efficient,remains,13
code,real-world,13
information,use,13
support,use,13
behavior,inference,13
context,quality,13
address,efficient,13
features,multimodal,13
evaluate,support,13
generation,tool,13
generation,trained,13
address,quality,13
accuracy,selection,13
agents,policy,13
design,single,13
attention,baselines,13
inference,retrieval,13
remains,transformer,13
pipeline,structured,13
generation,memory,13
prediction,transformer,13
behavior,human,13
code,strong,13
design,text,12
agent,knowledge,12
inference,prior,12
reasoning,standard,12
design,process,12
memory,prior,12
accuracy,semantic,12
accuracy,prior,12
available,multimodal,12
evaluate,evidence,12
alignment,quality,12
attention,inference,12
prior,text,12
mechanism,transformer,12
mechanism,reasoning,12
architecture,remains,12
features,representations,12
context,prompt,12
inference,policy,12
alignment,gap,12
alignment,trained,12
findings,quality,12
reasoning,trained,12
baselines,process,12
optimization,quality,12
agents,evaluate,12
multimodal,structured,12
reasoning,retrieval,12
agentic,knowledge,12
image,knowledge,12
features,image,12
remains,semantic,12
accuracy,evidence,12
inference,structural,12
baseline,prompt,12
baselines,visual,12
baselines,human,12
structure,token,12
agents,design,12
design,policy,12
reinforcement,strong,12
cost,retrieval,12
agentic,context,12
address,evaluate,12
remains,visual,12
reasoning,tokens,12
context,standard,12
design,inference,12
agentic,search,12
cost,single,12
accuracy,efficient,12
agent,policy,12
knowledge,vision-language,12
agents,baselines,12
generation,search,12
baselines,policy,12
agent,optimization,12
agent,behavior,12
image,pipeline,12
detection,generation,12
efficient,memory,12
generation,optimization,12
human,knowledge,12
baselines,trained,12
reasoning,support,12
code,detection,12
classification,single,12
evaluate,single,12
quality,reasoning,12
code,efficient,12
semantic,tokens,12
retrieval,use,12
inference,text,12
design,prompt,12
accuracy,reinforcement,12
information,transformer,12
generation,representations,12
single,target,12
failure,inference,12
existing,structure,12
behavior,trained,12
existing,prediction,12
agent,settings,12
features,knowledge,12
available,quality,12
address,gap,12
agents,control,12
context,pipeline,12
gap,remains,12
agent,design,12
knowledge,memory,12
reasoning,representations,12
accuracy,structure,12
evidence,understanding,12
information,token,12
evidence,use,12
agent,structured,12
structured,use,12
address,tokens,12
address,mechanism,12
human,use,12
code,retrieval,12
prompt,remains,12
available,gap,12
address,strong,12
address,semantic,12
human,trained,12
spatial,transformer,12
structure,tokens,12
reasoning,structural,12
address,process,12
information,retrieval,12
process,remains,12
address,text,12
information,semantic,12
information,real-world,12
baselines,text,12
findings,remains,12
single,tool,12
context,image,12
standard,token,12
context,design,12
semantic,structured,11
attention,single,11
baselines,tokens,11
generation,structure,11
prior,reasoning,11
human,information,11
quality,trained,11
information,prior,11
information,settings,11
findings,trained,11
multimodal,prior,11
image,strong,11
baseline,token,11
attention,visual,11
context,real-world,11
design,evaluate,11
representations,understanding,11
single,understanding,11
structured,support,11
representations,single,11
reasoning,spatial,11
detection,trained,11
knowledge,tool,11
policy,use,11
prediction,representations,11
attention,remains,11
token,vision-language,11
quality,structured,11
memory,transformer,11
architecture,context,11
code,support,11
optimization,reward,11
address,trained,11
tokens,trained,11
context,selection,11
optimization,use,11
agentic,code,11
behavior,remains,11
available,support,11
quality,use,11
address,representations,11
diffusion,existing,11
prior,vision-language,11
behavior,knowledge,11
agent,control,11
error,inference,11
baseline,design,11
available,real-world,11
human,real-world,11
agentic,reinforcement,11
code,semantic,11
available,inference,11
cost,human,11
design,knowledge,11
agent,remains,11
reinforcement,single,11
existing,modeling,11
inference,use,11
classification,remains,11
prior,selection,11
baselines,vision-language,11
text,transformer,11
baselines,token,11
tokens,vision-language,11
agents,optimization,11
information,target,11
knowledge,visual,11
mechanism,optimization,11
context,reinforcement,11
efficient,quality,11
retrieval,search,11
accuracy,support,11
existing,support,11
structural,structured,11
accuracy,prompt,11
structure,trained,11
existing,standard,11
human,single,11
baselines,fine-tuning,11
evaluate,real-world,11
understanding,vision-language,11
detection,existing,11
efficient,information,11
design,findings,11
code,policy,11
efficient,representations,11
failure,policy,11
attention,trained,11
accuracy,policy,11
fine-tuning,trained,11
agents,remains,11
information,policy,11
existing,search,11
control,single,11
evaluate,findings,11
efficient,standard,11
design,multimodal,11
design,vision-language,11
design,failure,11
accuracy,pipeline,11
search,single,11
detection,human,11
inference,standard,11
optimization,single,11
address,token,11
reinforcement,standard,11
design,reinforcement,11
generation,understanding,11
evidence,prior,11
agent,prior,11
attention,prior,11
attention,quality,11
baselines,cost,11
attention,design,11
strong,structured,11
classification,existing,11
classification,image,11
findings,settings,11
fine-tuning,reasoning,11
prompt,quality,11
architecture,existing,11
token,trained,11
cost,information,11
reward,trained,11
generation,reward,11
memory,retrieval,11
architecture,reasoning,11
design,strong,11
detection,text,11
settings,trained,11
evaluate,structured,11
image,understanding,11
design,information,11
evidence,knowledge,11
findings,reasoning,11
context,modeling,11
failure,reinforcement,11
quality,structural,11
design,quality,11
gap,retrieval,11
attention,text,11
human,policy,11
code,target,11
alignment,token,11
inference,reinforcement,11
attention,efficient,11
remains,use,11
code,evidence,11
code,failure,11
generation,modeling,11
agents,safety,11
address,prior,11
semantic,vision-language,11
inference,structure,11
alignment,remains,11
accuracy,prediction,11
spatial,visual,10
baseline,baselines,10
baselines,multimodal,10
control,human,10
control,knowledge,10
error,failure,10
address,understanding,10
features,visual,10
accuracy,understanding,10
accuracy,spatial,10
accuracy,structural,10
baselines,semantic,10
gap,image,10
process,single,10
existing,findings,10
accuracy,features,10
human,pipeline,10
representations,structure,10
representations,tokens,10
reasoning,structure,10
generation,selection,10
address,fine-tuning,10
architecture,efficient,10
architecture,single,10
semantic,spatial,10
available,context,10
baselines,use,10
modeling,strong,10
attention,features,10
attention,modeling,10
reinforcement,trained,10
retrieval,support,10
code,mechanism,10
code,process,10
alignment,evaluate,10
code,fine-tuning,10
strong,token,10
structured,transformer,10
agents,evidence,10
cost,transformer,10
prior,retrieval,10
code,use,10
agents,settings,10
agent,baselines,10
human,settings,10
accuracy,mechanism,10
inference,modeling,10
transformer,visual,10
address,optimization,10
multimodal,support,10
evidence,trained,10
inference,mechanism,10
baselines,classification,10
human,multimodal,10
findings,single,10
available,evidence,10
efficient,knowledge,10
gap,knowledge,10
behavior,generation,10
architecture,structured,10
support,text,10
policy,strong,10
attention,error,10
knowledge,support,10
accuracy,modeling,10
evidence,support,10
mechanism,quality,10
quality,search,10
support,vision-language,10
strong,understanding,10
real-world,single,10
agentic,single,10
agent,reward,10
agent,memory,10
knowledge,quality,10
trained,use,10
structure,text,10
agents,structured,10
behavior,quality,10
remains,structure,10
settings,single,10
error,transformer,10
code,control,10
control,existing,10
baseline,evidence,10
agent,retrieval,10
behavior,gap,10
knowledge,target,10
features,generation,10
accuracy,diffusion,10
existing,features,10
optimization,remains,10
quality,token,10
pipeline,visual,10
existing,structural,10
context,mechanism,10
detection,findings,10
alignment,information,10
representations,structured,10
code,token,10
tokens,visual,10
image,token,10
design,token,10
token,visual,10
gap,support,10
alignment,context,10
alignment,reasoning,10
remains,selection,10
modeling,reasoning,10
evaluate,inference,10
evaluate,tool,10
failure,prompt,10
cost,design,10
design,pipeline,10
attention,cost,10
features,single,10
features,structure,10
mechanism,single,10
code,representations,10
agent,target,10
agents,target,10
behavior,code,10
behavior,findings,10
behavior,prior,10
baselines,mechanism,10
alignment,baselines,10
alignment,knowledge,10
information,mechanism,10
generation,standard,10
agentic,retrieval,10
human,prompt,10
process,structured,10
architecture,trained,10
alignment,text,10
findings,prior,10
accuracy,human,10
findings,information,10
baseline,quality,10
prompt,reasoning,10
prompt,token,10
available,reasoning,10
code,visual,10
evidence,structured,10
evidence,visual,10
findings,human,10
human,understanding,10
structure,visual,10
baseline,error,10
detection,single,10
agentic,design,10
knowledge,process,10
findings,image,10
baseline,transformer,10
accuracy,fine-tuning,10
fine-tuning,inference,10
architecture,memory,10
semantic,single,10
alignment,generation,10
alignment,reward,10
error,trained,10
token,use,10
knowledge,structure,10
trained,visual,10
cost,selection,10
information,trained,10
address,remains,10
information,prompt,10
quality,settings,10
retrieval,trained,10
image,reasoning,10
image,spatial,10
behavior,evaluate,10
context,gap,10
findings,structured,10
existing,safety,10
structured,text,10
standard,tokens,10
policy,sparse,10
prediction,single,10
address,evidence,10
strong,vision-language,10
control,failure,10
information,tokens,10
remains,strong,10
accuracy,process,10
inference,representations,10
human,semantic,9
findings,knowledge,9
single,spatial,9
representations,spatial,9
context,cost,9
behavior,use,9
evaluate,image,9
representations,semantic,9
representations,visual,9
design,prior,9
cost,memory,9
cost,pipeline,9
real-world,reasoning,9
real-world,remains,9
real-world,structural,9
human,memory,9
attention,structure,9
structured,visual,9
failure,single,9
safety,single,9
existing,failure,9
modeling,use,9
available,detection,9
available,strong,9
gap,tool,9
agent,modeling,9
attention,classification,9
address,attention,9
attention,semantic,9
remains,understanding,9
baselines,design,9
attention,gap,9
pipeline,prior,9
address,human,9
agent,real-world,9
context,optimization,9
design,retrieval,9
design,transformer,9
design,gap,9
failure,knowledge,9
features,information,9
address,target,9
address,prediction,9
reinforcement,search,9
attention,use,9
baselines,reward,9
detection,real-world,9
semantic,settings,9
efficient,single,9
information,reward,9
cost,remains,9
code,cost,9
evaluate,selection,9
efficient,spatial,9
code,selection,9
prior,semantic,9
findings,understanding,9
agent,safety,9
human,modeling,9
cost,search,9
design,optimization,9
agent,available,9
failure,structured,9
behavior,safety,9
search,use,9
optimization,search,9
agentic,human,9
agentic,memory,9
context,representations,9
context,safety,9
policy,remains,9
reinforcement,remains,9
fine-tuning,optimization,9
fine-tuning,policy,9
policy,standard,9
context,target,9
representations,text,9
pipeline,selection,9
memory,use,9
prior,use,9
semantic,strong,9
semantic,transformer,9
evaluate,settings,9
evaluate,strong,9
agentic,optimization,9
address,pipeline,9
address,policy,9
pipeline,single,9
optimization,token,9
image,inference,9
image,selection,9
image,structured,9
code,optimization,9
available,use,9
baselines,failure,9
support,trained,9
human,transformer,9
knowledge,prediction,9
knowledge,representations,9
behavior,representations,9
efficient,prediction,9
multimodal,pipeline,9
failure,standard,9
pipeline,retrieval,9
address,vision-language,9
behavior,text,9
code,memory,9
agentic,evaluate,9
failure,structural,9
error,generation,9
single,support,9
information,modeling,9
attention,code,9
attention,multimodal,9
inference,strong,9
knowledge,modeling,9
generation,transformer,9
optimization,structured,9
code,features,9
attention,spatial,9
prompt,use,9
settings,support,9
design,target,9
context,structure,9
image,support,9
real-world,strong,9
representations,vision-language,9
text,use,9
mechanism,structure,9
mechanism,text,9
agents,memory,9
evaluate,target,9
architecture,image,9
architecture,information,9
representations,token,9
diffusion,mechanism,9
diffusion,quality,9
attention,reasoning,9
agent,trained,9
context,search,9
cost,settings,9
detection,representations,9
baseline,control,9
agents,trained,9
mechanism,structural,9
alignment,inference,9
failure,gap,9
accuracy,real-world,9
design,support,9
baseline,findings,9
baseline,image,9
evaluate,quality,9
control,transformer,9
agents,cost,9
accuracy,tool,9
findings,pipeline,9
classification,information,9
baseline,classification,9
behavior,token,9
accuracy,behavior,9
process,strong,9
prompt,structured,9
single,structured,9
detection,structured,9
reasoning,selection,9
modeling,remains,9
error,quality,9
mechanism,spatial,9
address,structure,9
diffusion,tokens,9
agents,gap,9
diffusion,inference,9
generation,mechanism,9
mechanism,semantic,9
multimodal,target,9
accuracy,search,9
accuracy,control,9
code,tokens,9
available,single,9
gap,settings,9
attention,generation,9
modeling,trained,9
memory,reasoning,9
attention,sparse,9
available,image,9
available,token,9
information,optimization,9
address,alignment,9
multimodal,quality,9
strong,trained,9
quality,visual,9
retrieval,text,9
remains,tokens,9
architecture,knowledge,9
findings,use,9
efficient,use,9
efficient,findings,9
baseline,policy,9
design,selection,9
design,visual,9
code,design,9
design,image,9
retrieval,semantic,9
architecture,attention,9
target,transformer,9
architecture,target,9
error,reasoning,9
error,remains,9
representations,trained,9
inference,tool,9
information,tool,9
cost,fine-tuning,9
reasoning,sparse,9
sparse,transformer,9
cost,reasoning,9
baseline,semantic,9
semantic,token,9
fine-tuning,semantic,9
fine-tuning,knowledge,9
baseline,knowledge,9
classification,structured,9
available,knowledge,9
human,reward,9
selection,single,9
selection,token,9
design,error,9
evidence,remains,9
use,vision-language,9
address,behavior,9
address,safety,9
baselines,safety,9
gap,vision-language,9
gap,visual,9
information,spatial,9
control,cost,9
control,memory,9
baseline,gap,9
baseline,remains,9
baselines,image,9
modeling,transformer,9
control,inference,9
attention,image,9
fine-tuning,standard,9
knowledge,prior,9
information,understanding,9
evaluate,failure,9
evidence,gap,9
failure,safety,9
agents,prior,9
image,real-world,9
semantic,trained,9
multimodal,tokens,9
gap,inference,9
address,agent,9
prediction,structure,9
inference,multimodal,9
gap,structural,9
accuracy,address,9
information,selection,8
gap,understanding,8
inference,prediction,8
gap,process,8
gap,spatial,8
error,mechanism,8
control,reinforcement,8
address,agents,8
remains,support,8
evaluate,policy,8
reinforcement,sparse,8
process,structural,8
prediction,tokens,8
multimodal,structure,8
image,prompt,8
prompt,settings,8
baselines,settings,8
gap,semantic,8
evidence,multimodal,8
evidence,process,8
gap,tokens,8
findings,transformer,8
knowledge,pipeline,8
multimodal,representations,8
generation,target,8
address,selection,8
diffusion,token,8
architecture,standard,8
baseline,failure,8
multimodal,use,8
control,efficient,8
remains,target,8
settings,use,8
baselines,gap,8
baselines,prior,8
efficient,fine-tuning,8
fine-tuning,information,8
fine-tuning,visual,8
classification,representations,8
gap,transformer,8
cost,tokens,8
human,safety,8
reasoning,safety,8
real-world,settings,8
target,text,8
target,visual,8
agent,mechanism,8
policy,tokens,8
code,structured,8
image,memory,8
failure,memory,8
inference,settings,8
evidence,pipeline,8
context,failure,8
gap,prior,8
efficient,selection,8
detection,use,8
human,retrieval,8
memory,tool,8
evidence,strong,8
reinforcement,use,8
support,token,8
agents,reward,8
agents,findings,8
agents,retrieval,8
agent,findings,8
modeling,multimodal,8
modeling,prior,8
baseline,human,8
diffusion,text,8
quality,selection,8
knowledge,structural,8
agentic,evidence,8
detection,strong,8
remains,representations,8
agent,baseline,8
error,single,8
alignment,optimization,8
alignment,semantic,8
image,settings,8
knowledge,token,8
architecture,token,8
attention,memory,8
architecture,tokens,8
trained,understanding,8
knowledge,trained,8
knowledge,policy,8
quality,strong,8
retrieval,strong,8
mechanism,tokens,8
alignment,process,8
control,mechanism,8
multimodal,retrieval,8
findings,visual,8
image,retrieval,8
available,tokens,8
available,trained,8
baseline,code,8
mechanism,standard,8
features,inference,8
behavior,failure,8
cost,optimization,8
retrieval,single,8
baseline,strong,8
baseline,information,8
quality,sparse,8
remains,retrieval,8
baseline,prediction,8
failure,image,8
address,design,8
architecture,human,8
evaluate,vision-language,8
behavior,control,8
behavior,policy,8
features,trained,8
accuracy,agentic,8
findings,prompt,8
findings,safety,8
baseline,retrieval,8
prompt,vision-language,8
prior,remains,8
error,gap,8
multimodal,trained,8
prior,settings,8
prior,visual,8
fine-tuning,vision-language,8
evaluate,prompt,8
pipeline,vision-language,8
behavior,information,8
efficient,text,8
support,target,8
human,reinforcement,8
quality,reinforcement,8
real-world,structured,8
evaluate,token,8
alignment,target,8
alignment,transformer,8
alignment,behavior,8
information,vision-language,8
mechanism,selection,8
mechanism,trained,8
quality,real-world,8
optimization,trained,8
alignment,architecture,8
address,structured,8
inference,safety,8
optimization,strong,8
evaluate,prior,8
classification,settings,8
classification,strong,8
classification,text,8
efficient,mechanism,8
diffusion,efficient,8
behavior,support,8
context,strong,8
evaluate,reinforcement,8
accuracy,strong,8
findings,text,8
alignment,strong,8
code,understanding,8
knowledge,standard,8
human,support,8
pipeline,prompt,8
strong,transformer,8
detection,transformer,8
evaluate,transformer,8
evaluate,visual,8
features,text,8
classification,real-world,8
pipeline,trained,8
structured,trained,8
real-world,text,8
baselines,search,8
context,fine-tuning,8
code,standard,8
evidence,findings,8
safety,support,8
findings,support,8
detection,pipeline,8
architecture,multimodal,8
optimization,structural,8
evidence,failure,8
failure,human,8
reinforcement,structured,8
retrieval,structured,8
design,modeling,8
strong,support,8
prediction,trained,8
fine-tuning,strong,8
mechanism,modeling,8
mechanism,prior,8
agent,evidence,8
quality,tokens,8
evidence,semantic,8
available,prior,8
reinforcement,token,8
human,remains,8
pipeline,remains,8
pipeline,understanding,8
baseline,pipeline,8
attention,representations,8
search,tool,8
optimization,tool,8
reasoning,search,8
error,human,8
classification,human,8
context,error,8
architecture,spatial,8
baseline,reward,8
process,reward,8
target,token,8
architecture,semantic,8
evaluate,multimodal,8
fine-tuning,multimodal,8
baseline,evaluate,8
detection,evaluate,8
inference,pipeline,8
retrieval,selection,8
accuracy,settings,8
process,standard,8
policy,process,8
context,vision-language,8
available,target,8
behavior,tool,8
evidence,tool,8
image,use,8
semantic,structure,8
understanding,use,8
address,detection,8
optimization,selection,8
spatial,understanding,8
agentic,structured,8
existing,sparse,8
cost,text,8
baselines,spatial,8
baselines,real-world,8
failure,findings,8
failure,quality,8
baselines,retrieval,8
memory,single,8
gap,selection,8
evaluate,pipeline,8
agentic,failure,8
text,understanding,8
code,tool,8
failure,prior,8
generation,settings,8
available,efficient,8
available,modeling,8
architecture,evaluate,8
agent,efficient,8
agent,inference,8
agent,selection,8
address,spatial,8
human,strong,8
attention,selection,8
baselines,prompt,8
evidence,vision-language,8
image,tokens,8
efficient,visual,8
cost,use,8
efficient,process,8
trained,vision-language,8
cost,sparse,8
settings,strong,8
settings,text,8
process,use,8
failure,settings,8
failure,vision-language,8
settings,transformer,8
architecture,pipeline,8
knowledge,settings,8
quality,standard,8
code,reward,8
gap,standard,8
cost,findings,8
baseline,fine-tuning,8
classification,evaluate,8
sparse,token,8
agentic,remains,8
use,visual,8
design,structure,8
fine-tuning,transformer,8
reward,standard,8
fine-tuning,reward,8
alignment,tokens,8
code,knowledge,8
standard,trained,7
cost,evaluate,7
cost,strong,7
agentic,settings,7
design,use,7
address,use,7
spatial,text,7
policy,quality,7
support,understanding,7
behavior,search,7
process,support,7
prior,reinforcement,7
evidence,search,7
search,trained,7
code,settings,7
cost,prediction,7
pipeline,settings,7
diffusion,remains,7
address,structural,7
behavior,tokens,7
support,tokens,7
agent,strong,7
prediction,remains,7
reward,sparse,7
design,mechanism,7
address,memory,7
cost,policy,7
prediction,spatial,7
multimodal,prediction,7
multimodal,process,7
modeling,token,7
failure,retrieval,7
prompt,retrieval,7
policy,safety,7
information,structured,7
image,structure,7
behavior,evidence,7
evaluate,safety,7
modeling,semantic,7
baseline,search,7
baseline,tokens,7
remains,standard,7
remains,structural,7
agentic,information,7
code,safety,7
control,quality,7
structured,understanding,7
failure,tool,7
control,fine-tuning,7
findings,semantic,7
prior,structured,7
real-world,visual,7
classification,code,7
human,target,7
selection,structured,7
baselines,prediction,7
structural,understanding,7
structure,understanding,7
tokens,understanding,7
representations,structural,7
single,structural,7
spatial,tokens,7
control,representations,7
remains,safety,7
process,visual,7
attention,behavior,7
features,human,7
classification,use,7
pipeline,target,7
agent,support,7
quality,structure,7
fine-tuning,pipeline,7
error,token,7
memory,quality,7
memory,tokens,7
error,standard,7
alignment,design,7
available,selection,7
attention,strong,7
classification,efficient,7
classification,semantic,7
sparse,standard,7
agent,architecture,7
process,trained,7
context,settings,7
design,reward,7
representations,strong,7
accuracy,alignment,7
settings,structured,7
control,information,7
sparse,tokens,7
design,real-world,7
architecture,representations,7
design,human,7
modeling,tokens,7
control,reasoning,7
modeling,understanding,7
real-world,representations,7
accuracy,reward,7
human,prior,7
gap,target,7
baseline,context,7
fine-tuning,text,7
inference,prompt,7
failure,support,7
process,retrieval,7
evidence,policy,7
policy,retrieval,7
classification,structure,7
design,settings,7
support,visual,7
retrieval,tool,7
classification,design,7
policy,target,7
efficient,modeling,7
evaluate,spatial,7
diffusion,single,7
available,tool,7
real-world,retrieval,7
detection,features,7
features,semantic,7
address,standard,7
error,reward,7
cost,gap,7
agent,standard,7
agent,structural,7
behavior,prompt,7
mechanism,sparse,7
agents,structural,7
baselines,understanding,7
mechanism,understanding,7
selection,semantic,7
diffusion,structure,7
alignment,single,7
cost,process,7
generation,spatial,7
process,token,7
detection,semantic,7
evaluate,semantic,7
evidence,settings,7
efficient,real-world,7
pipeline,spatial,7
memory,selection,7
optimization,standard,7
failure,text,7
design,semantic,7
findings,policy,7
agentic,baselines,7
available,memory,7
agentic,behavior,7
agentic,control,7
control,use,7
code,structural,7
evaluate,reward,7
process,settings,7
agents,error,7
fine-tuning,structured,7
process,text,7
remains,token,7
retrieval,visual,7
alignment,available,7
alignment,mechanism,7
modeling,support,7
settings,visual,7
cost,semantic,7
information,support,7
accuracy,optimization,7
attention,available,7
attention,vision-language,7
multimodal,policy,7
optimization,vision-language,7
policy,vision-language,7
available,features,7
available,mechanism,7
available,process,7
accuracy,target,7
baseline,efficient,7
prompt,structure,7
error,prompt,7
modeling,structure,7
selection,target,7
classification,pipeline,7
evaluate,search,7
available,design,7
attention,knowledge,7
policy,structured,7
search,structured,7
real-world,selection,7
multimodal,token,7
memory,token,7
detection,quality,7
remains,spatial,7
agentic,inference,7
findings,strong,7
agentic,quality,7
detection,image,7
detection,information,7
evaluate,trained,7
findings,multimodal,7
efficient,vision-language,7
evaluate,process,7
evaluate,standard,7
accuracy,sparse,7
generation,prediction,7
baseline,text,7
memory,standard,7
baseline,detection,7
baseline,multimodal,7
process,target,7
behavior,structure,7
classification,generation,7
behavior,modeling,7
quality,target,7
attention,prompt,7
address,baseline,7
prediction,support,7
existing,reward,7
architecture,quality,7
code,prompt,7
architecture,baseline,7
selection,structure,7
architecture,error,7
selection,tokens,7
baselines,error,7
baselines,structure,7
architecture,mechanism,7
settings,target,7
efficient,human,7
real-world,transformer,7
architecture,structural,7
agents,support,7
gap,use,7
agentic,cost,7
process,vision-language,7
efficient,policy,7
efficient,reasoning,7
information,search,7
information,standard,7
real-world,reinforcement,7
mechanism,real-world,7
mechanism,reinforcement,7
remains,search,7
representations,support,7
alignment,reinforcement,7
control,safety,7
address,reward,7
information,structure,7
inference,understanding,7
mechanism,strong,7
modeling,visual,7
image,modeling,7
gap,strong,7
prompt,strong,7
prompt,visual,7
evidence,information,6
agentic,gap,6
multimodal,prompt,6
address,settings,6
address,tool,6
gap,prompt,6
inference,spatial,6
information,prediction,6
image,mechanism,6
quality,tool,6
evaluate,optimization,6
failure,token,6
address,retrieval,6
mechanism,settings,6
policy,real-world,6
strong,target,6
evidence,safety,6
efficient,reinforcement,6
optimization,prompt,6
agents,strong,6
error,real-world,6
failure,remains,6
memory,remains,6
cost,safety,6
process,tokens,6
process,understanding,6
baseline,reinforcement,6
prediction,understanding,6
process,spatial,6
agents,baseline,6
available,findings,6
features,understanding,6
safety,use,6
settings,tool,6
human,visual,6
behavior,settings,6
alignment,understanding,6
safety,tool,6
features,real-world,6
multimodal,real-world,6
optimization,semantic,6
gap,mechanism,6
semantic,structural,6
accuracy,agent,6
accuracy,agents,6
behavior,prediction,6
prior,token,6
quality,semantic,6
error,settings,6
inference,visual,6
error,prediction,6
failure,information,6
prior,tool,6
features,quality,6
features,spatial,6
efficient,features,6
efficient,multimodal,6
evidence,reinforcement,6
findings,modeling,6
reasoning,target,6
retrieval,vision-language,6
control,standard,6
process,semantic,6
generation,sparse,6
features,vision-language,6
mechanism,process,6
inference,support,6
features,mechanism,6
features,modeling,6
mechanism,vision-language,6
modeling,process,6
standard,target,6
classification,inference,6
classification,reasoning,6
baseline,visual,6
classification,quality,6
human,selection,6
structured,token,6
attention,structured,6
support,transformer,6
behavior,fine-tuning,6
behavior,reinforcement,6
context,prediction,6
baselines,support,6
modeling,quality,6
mechanism,structured,6
pipeline,quality,6
error,selection,6
prior,prompt,6
multimodal,standard,6
context,diffusion,6
reinforcement,retrieval,6
attention,diffusion,6
classification,prompt,6
features,prediction,6
reinforcement,target,6
alignment,safety,6
real-world,target,6
search,target,6
search,text,6
classification,selection,6
agentic,process,6
context,spatial,6
design,standard,6
evidence,token,6
selection,vision-language,6
memory,semantic,6
context,sparse,6
memory,sparse,6
baselines,control,6
findings,retrieval,6
behavior,optimization,6
behavior,process,6
detection,multimodal,6
detection,prior,6
detection,retrieval,6
knowledge,spatial,6
human,structural,6
standard,use,6
fine-tuning,token,6
evidence,human,6
control,remains,6
human,tool,6
memory,settings,6
selection,settings,6
features,structured,6
available,baselines,6
address,features,6
fine-tuning,remains,6
prediction,token,6
failure,use,6
human,optimization,6
human,standard,6
address,control,6
control,process,6
policy,tool,6
agents,modeling,6
detection,vision-language,6
evaluate,fine-tuning,6
structured,vision-language,6
control,token,6
attention,target,6
knowledge,reinforcement,6
modeling,prediction,6
design,understanding,6
diffusion,strong,6
baseline,selection,6
mechanism,token,6
retrieval,settings,6
human,structured,6
prior,tokens,6
context,structural,6
design,structural,6
design,tokens,6
retrieval,tokens,6
structural,transformer,6
spatial,structured,6
baselines,behavior,6
baselines,representations,6
transformer,understanding,6
alignment,prediction,6
safety,structured,6
baseline,safety,6
behavior,design,6
behavior,semantic,6
cost,representations,6
cost,tool,6
prompt,tokens,6
reward,single,6
fine-tuning,single,6
fine-tuning,tokens,6
context,detection,6
efficient,gap,6
reinforcement,vision-language,6
accuracy,memory,6
mechanism,memory,6
alignment,code,6
alignment,standard,6
gap,reward,6
knowledge,prompt,6
reasoning,transformer,6
prompt,text,6
features,reasoning,6
classification,features,6
baselines,sparse,6
cost,prior,6
design,memory,6
cost,standard,6
findings,structure,6
failure,trained,6
failure,visual,6
gap,trained,6
reward,settings,6
process,tool,6
behavior,target,6
behavior,transformer,6
baseline,structured,6
knowledge,real-world,6
findings,inference,6
findings,process,6
agents,inference,6
failure,target,6
inference,target,6
representations,retrieval,6
classification,error,6
standard,text,6
cost,failure,6
failure,process,6
memory,reinforcement,6
code,pipeline,6
code,spatial,6
real-world,use,6
control,prediction,6
classification,understanding,6
reinforcement,tool,6
detection,remains,6
fine-tuning,use,6
control,design,6
multimodal,transformer,6
representations,target,6
baselines,target,6
alignment,failure,6
behavior,sparse,6
error,knowledge,6
design,efficient,6
design,search,6
process,search,6
classification,evidence,6
classification,knowledge,6
classification,spatial,6
efficient,semantic,6
architecture,available,6
architecture,code,6
architecture,modeling,6
architecture,selection,6
address,classification,6
image,prediction,6
attention,real-world,6
baselines,structural,6
alignment,representations,6
architecture,prediction,6
behavior,visual,6
failure,reward,6
efficient,strong,6
available,pipeline,6
efficient,structured,6
optimization,prior,6
modeling,text,6
process,selection,6
reward,use,6
available,reinforcement,6
reinforcement,visual,6
policy,prior,6
real-world,support,6
real-world,understanding,6
structural,support,6
agentic,prompt,6
reward,strong,6
classification,modeling,6
alignment,modeling,6
baseline,vision-language,6
modeling,settings,6
agent,prediction,6
features,remains,6
inference,search,6
policy,search,6
prior,search,6
agents,real-world,6
control,trained,6
cost,structured,6
memory,policy,6
optimization,sparse,6
address,cost,6
available,baseline,6
available,understanding,6
available,visual,6
prediction,settings,6
alignment,structural,6
architecture,settings,6
architecture,strong,6
architecture,text,6
alignment,visual,6
architecture,classification,6
alignment,classification,6
alignment,findings,6
design,features,6
baselines,selection,6
address,architecture,6
mechanism,use,6
inference,reward,6
prompt,trained,6
evaluate,memory,6
behavior,image,6
human,process,6
pipeline,support,6
prompt,support,6
efficient,settings,6
human,representations,6
prior,real-world,6
structure,structured,6
design,diffusion,6
detection,support,6
agentic,architecture,6
address,modeling,6
classification,failure,6
image,optimization,6
modeling,optimization,6
architecture,process,6
design,spatial,6
architecture,support,5
agent,error,5
fine-tuning,prompt,5
pipeline,search,5
retrieval,understanding,5
evidence,memory,5
alignment,error,5
evaluate,mechanism,5
efficient,error,5
alignment,structured,5
evaluate,features,5
evaluate,tokens,5
agentic,semantic,5
baseline,use,5
available,structural,5
agentic,modeling,5
features,tokens,5
knowledge,tokens,5
alignment,features,5
baselines,memory,5
control,spatial,5
classification,mechanism,5
real-world,reward,5
prediction,real-world,5
pipeline,use,5
remains,sparse,5
address,failure,5
classification,optimization,5
agents,architecture,5
classification,token,5
error,evidence,5
control,structural,5
control,tool,5
baselines,features,5
behavior,multimodal,5
agent,classification,5
available,classification,5
token,understanding,5
retrieval,token,5
prior,transformer,5
agents,available,5
agents,standard,5
pipeline,safety,5
safety,semantic,5
agent,prompt,5
architecture,prompt,5
architecture,safety,5
baseline,behavior,5
baseline,sparse,5
reinforcement,settings,5
strong,tokens,5
gap,policy,5
accuracy,safety,5
retrieval,safety,5
mechanism,search,5
sparse,text,5
detection,understanding,5
error,semantic,5
findings,real-world,5
failure,transformer,5
memory,search,5
efficient,prompt,5
pipeline,real-world,5
architecture,diffusion,5
diffusion,optimization,5
structural,trained,5
quality,support,5
selection,text,5
knowledge,safety,5
features,structural,5
baseline,representations,5
baselines,modeling,5
prior,structure,5
prompt,selection,5
selection,use,5
modeling,structural,5
remains,tool,5
architecture,behavior,5
prompt,safety,5
diffusion,structural,5
settings,structural,5
memory,text,5
attention,retrieval,5
baselines,quality,5
alignment,real-world,5
diffusion,transformer,5
features,standard,5
address,support,5
information,sparse,5
failure,mechanism,5
optimization,real-world,5
policy,settings,5
evaluate,structure,5
baselines,findings,5
findings,target,5
error,structured,5
findings,vision-language,5
structured,target,5
agentic,mechanism,5
agentic,real-world,5
mechanism,policy,5
target,vision-language,5
evaluate,representations,5
efficient,support,5
behavior,strong,5
process,safety,5
quality,safety,5
attention,baseline,5
baseline,structure,5
spatial,target,5
alignment,image,5
alignment,multimodal,5
alignment,retrieval,5
alignment,settings,5
architecture,detection,5
architecture,retrieval,5
baseline,standard,5
architecture,optimization,5
available,semantic,5
settings,understanding,5
knowledge,optimization,5
quality,understanding,5
cost,multimodal,5
semantic,support,5
agentic,prior,5
code,search,5
control,evidence,5
control,retrieval,5
detection,efficient,5
agentic,pipeline,5
optimization,safety,5
baseline,features,5
selection,sparse,5
architecture,visual,5
baseline,prior,5
baseline,settings,5
classification,prior,5
prior,process,5
prior,target,5
address,sparse,5
mechanism,prediction,5
modeling,standard,5
real-world,spatial,5
spatial,standard,5
human,prediction,5
prediction,target,5
behavior,selection,5
control,text,5
error,structure,5
information,safety,5
fine-tuning,quality,5
error,text,5
architecture,fine-tuning,5
cost,target,5
fine-tuning,target,5
semantic,use,5
evidence,text,5
transformer,use,5
policy,text,5
sparse,strong,5
behavior,mechanism,5
prediction,reasoning,5
evaluate,structural,5
information,memory,5
code,diffusion,5
context,features,5
context,process,5
multimodal,optimization,5
multimodal,reinforcement,5
prompt,representations,5
agentic,target,5
detection,visual,5
diffusion,process,5
control,evaluate,5
gap,token,5
mechanism,pipeline,5
modeling,selection,5
pipeline,tool,5
selection,spatial,5
selection,tool,5
sparse,structure,5
detection,mechanism,5
address,error,5
cost,structure,5
inference,sparse,5
efficient,structure,5
behavior,reward,5
prediction,standard,5
architecture,gap,5
single,sparse,5
design,trained,5
representations,tool,5
tool,trained,5
classification,gap,5
fine-tuning,representations,5
fine-tuning,spatial,5
prior,understanding,5
support,tool,5
control,gap,5
control,support,5
context,reward,5
design,tool,5
findings,tool,5
cost,evidence,5
efficient,retrieval,5
alignment,structure,5
baselines,diffusion,5
control,diffusion,5
findings,representations,5
efficient,search,5
diffusion,memory,5
diffusion,prediction,5
available,spatial,5
efficient,evaluate,5
behavior,features,5
knowledge,search,5
prediction,vision-language,5
prediction,strong,5
prior,strong,5
prior,trained,5
design,representations,5
diffusion,image,5
evidence,transformer,5
efficient,failure,5
agents,pipeline,5
reward,selection,5
modeling,reinforcement,5
multimodal,tool,5
spatial,structural,5
spatial,structure,5
structural,structure,5
alignment,policy,5
structural,tokens,5
control,prior,5
selection,transformer,5
prediction,prior,5
available,transformer,5
optimization,visual,5
available,settings,5
available,structure,5
quality,reward,5
error,strong,5
gap,reinforcement,5
failure,strong,5
efficient,tool,5
human,sparse,5
representations,safety,5
control,understanding,5
design,fine-tuning,5
control,strong,5
alignment,attention,5
attention,evaluate,5
search,strong,5
prior,standard,5
semantic,standard,5
gap,prediction,5
gap,representations,5
gap,structure,5
information,structural,5
modeling,structured,5
control,structured,5
agentic,strong,5
alignment,selection,5
architecture,features,5
detection,spatial,5
semantic,target,5
evidence,selection,5
inference,vision-language,5
baseline,memory,5
design,evidence,5
evidence,image,5
settings,standard,5
agentic,multimodal,5
error,target,5
evidence,optimization,5
failure,optimization,5
evidence,tokens,5
mechanism,visual,5
gap,optimization,5
settings,vision-language,5
spatial,use,5
architecture,vision-language,4
evidence,structure,4
error,reinforcement,4
reinforcement,spatial,4
findings,fine-tuning,4
findings,reinforcement,4
classification,prediction,4
standard,structural,4
prior,support,4
fine-tuning,retrieval,4
design,detection,4
cost,reinforcement,4
failure,fine-tuning,4
fine-tuning,settings,4
prediction,quality,4
alignment,use,4
efficient,understanding,4
evaluate,understanding,4
reinforcement,understanding,4
policy,spatial,4
available,representations,4
diffusion,reinforcement,4
image,reinforcement,4
image,target,4
reward,safety,4
optimization,structure,4
optimization,transformer,4
policy,transformer,4
reinforcement,transformer,4
detection,reasoning,4
reinforcement,tokens,4
diffusion,error,4
memory,support,4
baseline,modeling,4
error,search,4
evidence,modeling,4
target,use,4
prompt,target,4
optimization,text,4
representations,settings,4
agents,multimodal,4
failure,structure,4
knowledge,selection,4
classification,fine-tuning,4
safety,trained,4
safety,understanding,4
agent,text,4
retrieval,target,4
classification,safety,4
agents,semantic,4
behavior,pipeline,4
memory,structured,4
retrieval,structural,4
retrieval,transformer,4
cost,structural,4
failure,semantic,4
failure,spatial,4
error,image,4
standard,structure,4
architecture,tool,4
spatial,trained,4
behavior,vision-language,4
attention,fine-tuning,4
image,standard,4
fine-tuning,sparse,4
memory,modeling,4
alignment,prompt,4
real-world,tool,4
cost,vision-language,4
agentic,findings,4
agent,features,4
agent,representations,4
agents,representations,4
settings,token,4
settings,tokens,4
error,findings,4
error,understanding,4
error,use,4
attention,human,4
evaluate,modeling,4
gap,modeling,4
baselines,tool,4
human,mechanism,4
image,process,4
modeling,retrieval,4
prediction,reinforcement,4
multimodal,settings,4
alignment,control,4
optimization,retrieval,4
alignment,support,4
alignment,tool,4
alignment,vision-language,4
architecture,cost,4
pipeline,transformer,4
policy,visual,4
real-world,structure,4
error,retrieval,4
available,diffusion,4
prior,sparse,4
agents,text,4
failure,sparse,4
target,tool,4
optimization,understanding,4
multimodal,structural,4
tokens,use,4
evaluate,prediction,4
evidence,fine-tuning,4
fine-tuning,modeling,4
diffusion,features,4
prompt,understanding,4
detection,settings,4
reinforcement,support,4
attention,process,4
code,structure,4
memory,optimization,4
modeling,spatial,4
detection,evidence,4
diffusion,vision-language,4
efficient,prior,4
optimization,target,4
control,semantic,4
control,findings,4
agent,tokens,4
attention,detection,4
policy,support,4
standard,understanding,4
available,control,4
prompt,reinforcement,4
behavior,standard,4
findings,tokens,4
search,tokens,4
cost,detection,4
spatial,support,4
address,agentic,4
real-world,semantic,4
knowledge,mechanism,4
behavior,memory,4
findings,gap,4
mechanism,target,4
modeling,target,4
modeling,vision-language,4
prior,spatial,4
classification,visual,4
memory,target,4
classification,multimodal,4
prior,safety,4
fine-tuning,human,4
fine-tuning,image,4
structure,target,4
prior,representations,4
memory,pipeline,4
cost,spatial,4
features,gap,4
knowledge,reward,4
control,reward,4
cost,reward,4
agent,multimodal,4
agent,understanding,4
available,prediction,4
code,prediction,4
cost,modeling,4
classification,structural,4
attention,prediction,4
cost,mechanism,4
attention,failure,4
findings,token,4
target,understanding,4
agentic,understanding,4
error,policy,4
structured,tokens,4
alignment,prior,4
architecture,findings,4
architecture,prior,4
alignment,baseline,4
alignment,detection,4
quality,vision-language,4
behavior,retrieval,4
control,detection,4
memory,multimodal,4
memory,strong,4
memory,understanding,4
features,prior,4
features,target,4
mechanism,multimodal,4
fine-tuning,prediction,4
search,sparse,4
fine-tuning,real-world,4
optimization,spatial,4
attention,evidence,4
context,control,4
control,modeling,4
policy,understanding,4
gap,sparse,4
human,vision-language,4
agentic,token,4
efficient,pipeline,4
detection,safety,4
error,pipeline,4
baseline,support,4
real-world,trained,4
address,search,4
architecture,baselines,4
diffusion,reasoning,4
error,prior,4
structure,use,4
real-world,vision-language,4
safety,structural,4
optimization,pipeline,4
human,spatial,4
failure,real-world,4
control,search,4
control,tokens,4
strong,structural,4
structured,tool,4
detection,structural,4
modeling,real-world,4
mechanism,representations,4
error,optimization,4
features,strong,4
evidence,prediction,4
efficient,sparse,4
agents,visual,4
architecture,use,4
reinforcement,text,4
standard,strong,4
available,optimization,4
available,standard,4
findings,reward,4
fine-tuning,process,4
policy,semantic,4
remains,reward,4
reward,structured,4
diffusion,evaluate,4
architecture,reinforcement,4
agentic,baseline,4
baselines,pipeline,4
fine-tuning,prior,4
fine-tuning,understanding,4
agentic,structural,4
behavior,structural,4
available,failure,4
reinforcement,safety,4
agents,mechanism,4
diffusion,representations,4
diffusion,trained,4
pipeline,structural,4
structural,use,4
agentic,available,4
target,trained,4
strong,tool,4
architecture,control,4
diffusion,policy,4
policy,trained,4
control,pipeline,4
attention,findings,4
attention,support,4
text,tool,4
mechanism,retrieval,4
memory,structure,4
fine-tuning,structure,4
prompt,transformer,4
diffusion,prompt,4
memory,prediction,4
prediction,use,4
baseline,tool,4
safety,transformer,4
error,evaluate,4
failure,pipeline,4
agentic,support,4
reward,target,4
failure,prediction,4
target,tokens,4
control,structure,4
control,optimization,4
baseline,optimization,4
available,prompt,4
strong,structure,4
control,error,4
evidence,structural,4
modeling,representations,4
representations,sparse,4
evidence,standard,3
error,fine-tuning,3
representations,selection,3
safety,token,3
prediction,text,3
evidence,representations,3
cost,image,3
agents,selection,3
design,sparse,3
mechanism,prompt,3
gap,structured,3
agents,prompt,3
diffusion,sparse,3
available,fine-tuning,3
baseline,process,3
prompt,semantic,3
prompt,tool,3
cost,visual,3
reward,search,3
prediction,selection,3
policy,prompt,3
agents,sparse,3
error,support,3
multimodal,safety,3
safety,text,3
baseline,target,3
memory,process,3
architecture,structure,3
pipeline,structure,3
architecture,policy,3
agents,alignment,3
agents,features,3
diffusion,structured,3
efficient,structural,3
fine-tuning,memory,3
architecture,sparse,3
image,safety,3
available,cost,3
attention,settings,3
optimization,tokens,3
agentic,text,3
architecture,understanding,3
human,image,3
attention,understanding,3
prediction,safety,3
detection,policy,3
pipeline,reinforcement,3
standard,support,3
process,representations,3
evidence,prompt,3
human,inference,3
features,token,3
image,policy,3
detection,process,3
available,structured,3
detection,optimization,3
agent,attention,3
agents,attention,3
available,search,3
error,memory,3
detection,fine-tuning,3
architecture,failure,3
evaluate,sparse,3
classification,process,3
baseline,understanding,3
semantic,sparse,3
behavior,structured,3
prompt,structural,3
architecture,evidence,3
retrieval,sparse,3
classification,vision-language,3
selection,support,3
selection,trained,3
structure,support,3
selection,visual,3
baseline,mechanism,3
baseline,spatial,3
structure,vision-language,3
error,modeling,3
diffusion,selection,3
baseline,diffusion,3
attention,structural,3
search,visual,3
fine-tuning,tool,3
safety,strong,3
alignment,efficient,3
design,safety,3
sparse,spatial,3
baseline,structural,3
process,real-world,3
fine-tuning,support,3
process,transformer,3
findings,structural,3
prompt,real-world,3
quality,spatial,3
features,findings,3
real-world,standard,3
real-world,tokens,3
error,process,3
cost,prompt,3
control,prompt,3
image,sparse,3
agentic,safety,3
address,prompt,3
evidence,quality,3
representations,use,3
reward,support,3
reward,tool,3
code,sparse,3
detection,selection,3
settings,structure,3
prediction,sparse,3
agent,spatial,3
spatial,strong,3
available,policy,3
findings,selection,3
prediction,structural,3
tool,vision-language,3
tool,visual,3
error,sparse,3
diffusion,modeling,3
diffusion,multimodal,3
diffusion,prior,3
diffusion,spatial,3
features,sparse,3
fine-tuning,selection,3
modeling,tool,3
gap,memory,3
pipeline,process,3
behavior,cost,3
findings,optimization,3
failure,modeling,3
agent,fine-tuning,3
process,sparse,3
optimization,prediction,3
quality,representations,3
prediction,structured,3
optimization,representations,3
optimization,settings,3
agents,spatial,3
cost,error,3
structure,tool,3
error,tool,3
agent,alignment,3
agent,visual,3
features,support,3
features,use,3
control,sparse,3
modeling,pipeline,3
behavior,detection,3
diffusion,settings,3
classification,context,3
failure,representations,3
policy,representations,3
alignment,diffusion,3
alignment,fine-tuning,3
policy,selection,3
detection,structure,3
prediction,visual,3
diffusion,use,3
diffusion,knowledge,3
failure,search,3
standard,tool,3
detection,standard,3
pipeline,standard,3
standard,visual,3
diffusion,gap,3
diffusion,information,3
agents,efficient,3
standard,vision-language,3
attention,pipeline,3
prediction,prompt,3
architecture,real-world,3
memory,visual,3
fine-tuning,mechanism,3
mechanism,reward,3
multimodal,selection,3
behavior,efficient,3
detection,gap,3
detection,knowledge,3
modeling,search,3
alignment,cost,3
token,tool,3
human,token,3
prompt,search,3
control,settings,3
agentic,visual,3
reinforcement,representations,3
detection,inference,3
representations,standard,3
structural,text,3
human,structure,3
safety,settings,3
retrieval,standard,3
fine-tuning,structural,3
evidence,real-world,3
agent,detection,3
search,selection,3
cost,support,3
findings,prediction,3
cost,diffusion,3
control,image,3
code,error,3
memory,trained,3
classification,cost,3
inference,real-world,3
behavior,understanding,3
control,target,3
features,fine-tuning,3
tool,understanding,2
safety,visual,2
sparse,structured,2
agents,transformer,2
agents,understanding,2
search,structure,2
available,error,2
modeling,policy,2
detection,error,2
agents,detection,2
agentic,classification,2
classification,support,2
failure,tokens,2
selection,strong,2
control,features,2
available,reward,2
tokens,tool,2
control,multimodal,2
control,vision-language,2
reinforcement,selection,2
agentic,vision-language,2
search,understanding,2
features,retrieval,2
features,prompt,2
agentic,detection,2
structural,tool,2
error,information,2
human,search,2
search,token,2
detection,prompt,2
agentic,error,2
agentic,trained,2
policy,structural,2
agentic,structure,2
agents,diffusion,2
process,prompt,2
detection,prediction,2
detection,token,2
detection,tokens,2
prompt,sparse,2
reward,structure,2
cost,trained,2
detection,tool,2
tool,transformer,2
diffusion,fine-tuning,2
diffusion,visual,2
classification,tool,2
features,tool,2
standard,structured,2
prediction,retrieval,2
search,standard,2
attention,safety,2
failure,features,2
alignment,memory,2
features,optimization,2
optimization,support,2
pipeline,strong,2
agentic,features,2
agentic,reward,2
agent,image,2
agents,vision-language,2
classification,memory,2
fine-tuning,safety,2
error,structural,2
control,real-world,2
detection,modeling,2
spatial,tool,2
pipeline,tokens,2
diffusion,findings,2
modeling,sparse,2
sparse,understanding,2
prediction,process,2
reward,visual,2
policy,structure,2
real-world,token,2
error,tokens,2
features,policy,2
reward,vision-language,2
attention,optimization,2
attention,policy,2
reward,token,2
structural,vision-language,2
efficient,safety,2
prompt,standard,2
architecture,reward,2
prompt,reward,2
efficient,target,2
agent,transformer,2
cost,features,2
classification,tokens,2
agent,semantic,2
semantic,tool,2
multimodal,search,2
agentic,fine-tuning,2
architecture,search,2
fine-tuning,search,2
features,pipeline,2
error,vision-language,2
modeling,prompt,2
mechanism,support,2
address,diffusion,2
memory,spatial,2
knowledge,sparse,2
information,pipeline,2
failure,selection,2
sparse,use,2
classification,retrieval,2
behavior,real-world,2
agents,tokens,2
behavior,error,2
findings,mechanism,2
modeling,safety,2
cost,understanding,2
pipeline,prediction,2
process,structure,2
settings,sparse,2
sparse,target,2
address,findings,2
reinforcement,structural,2
search,structural,2
search,support,2
classification,policy,2
pipeline,token,2
agent,token,2
agentic,alignment,2
agentic,standard,2
agentic,tokens,2
diffusion,standard,2
diffusion,understanding,2
memory,vision-language,2
sparse,support,2
sparse,vision-language,2
agents,fine-tuning,2
prediction,semantic,2
prior,reward,2
memory,safety,2
memory,structural,2
error,safety,2
real-world,safety,2
attention,reward,2
attention,search,2
pipeline,policy,2
agent,sparse,2
agentic,sparse,2
prediction,search,2
safety,selection,2
spatial,token,2
evidence,features,2
features,settings,2
agentic,representations,2
memory,representations,2
representations,search,2
search,semantic,2
baselines,detection,2
behavior,classification,2
diffusion,failure,2
features,memory,2
efficient,reward,2
retrieval,reward,2
safety,target,2
evidence,spatial,2
safety,spatial,2
agent,structure,2
classification,target,2
gap,search,2
settings,spatial,2
failure,multimodal,2
safety,structure,2
design,prediction,2
reinforcement,semantic,2
evidence,target,2
classification,reward,1
diffusion,support,1
alignment,sparse,1
alignment,evidence,1
image,structural,1
structural,visual,1
diffusion,search,1
evidence,reward,1
pipeline,sparse,1
agentic,spatial,1
agents,classification,1
policy,prediction,1
reward,understanding,1
detection,reinforcement,1
detection,reward,1
detection,target,1
pipeline,reward,1
retrieval,spatial,1
search,spatial,1
search,vision-language,1
error,features,1
selection,standard,1
selection,understanding,1
agentic,image,1
failure,understanding,1
fine-tuning,gap,1
classification,diffusion,1
findings,sparse,1
error,spatial,1
classification,standard,1
detection,failure,1
agentic,transformer,1
attention,control,1
available,safety,1
baseline,real-world,1
prediction,tool,1
attention,reinforcement,1
safety,tokens,1
safety,search,1
findings,memory,1
memory,reward,1
mechanism,safety,1
agentic,efficient,1
findings,search,1
agent,vision-language,1
reward,tokens,1
features,reinforcement,1
features,reward,1
safety,sparse,1
detection,diffusion,1
diffusion,real-world,1
findings,spatial,1
findings,standard,1
diffusion,human,1
diffusion,semantic,1
human,tokens,1
memory,prompt,1
reward,transformer,1
retrieval,structure,1
features,safety,1
prompt,spatial,1
diffusion,target,1
memory,real-world,1
alignment,pipeline,1
alignment,spatial,1
control,visual,1
agentic,prediction,1
agentic,selection,1
agents,image,1
image,reward,1
image,search,1
image,tool,1
multimodal,reward,1
reward,text,1
cost,real-world,1
features,process,1
prior,structural,1
multimodal,sparse,1
reward,structural,1
diffusion,pipeline,1
features,selection,1
selection,structural,1
transformer,vision-language,1
efficient,evidence,1
safety,vision-language,1
error,representations,1
classification,search,1
real-world,search,1
structural,target,1
agent,diffusion,1
agentic,diffusion,1
agents,structure,1
diffusion,tool,1
mechanism,tool,1
reward,semantic,1
structural,token,1
gap,safety,1
sparse,visual,1
modeling,reward,1
detection,search,1
features,search,1
behavior,diffusion,1
agents,token,1
diffusion,reward,1
diffusion,safety,1
control,selection,1
search,settings,1
classification,reinforcement,1
evidence,sparse,1
available,behavior,1
available,sparse,1
prediction,reward,1
